Wallet,Referral YUZU,Creation YUZU,Completion YUZU,Total YUZU,
0x4d22f5409d0f7ea11b23d7ef8734ba95481fa2e2,"12,948","19,026","10,124","47,831",
0x9f270ecbb2f1291b5f85e4bd896e69d66cf4092e,"28,248","3,420","3,172","38,662",
0x5e8e66df40e58f3a96142aca5329575e5f638e75,"27,595","2,324","2,347","34,177",
0x9cd85b5baa3fc6c5ff93ebd0c00f1c56c6bf4ecb,"9,881","12,942","6,832","29,655",
0xce879e012228ea8024fb79f269c3c9facc053dce,"7,541","14,223","6,963","28,727",
0xa24c93429a37626d83f8be4d90c4f37e07a9e483,"20,554","2,097","1,846","24,497",
0xe7a3de8f8e8f530b597cb512cc4e0d3f878811ca,"15,686","2,097","4,328","22,111",
0x39f4da389fef57165bd470eb422c755e271f785b,"12,948","5,429","2,989","21,366",
0x3f3bcee79d75d3580af8564ec2b9ea3cb68daf38,"9,881","4,032","7,077","20,990",
0xca7ddbc8ec13cc691e5145a26d0f655ed5df51ec,"15,686","1,979","3,218","20,883",
0x14b2fc4bfdae7699105c05419dc4b29bda419c1c,"16,546","1,979","2,307","20,832",
0x33fe721eff0eb8049be2702f722583b21add02ff,"15,686","1,979","2,214","19,879",
0xe26e0064d7d6a70928df53df71f83e5fb2de2972,"14,802","1,979","2,173","18,954",
0x167dab76621ea54841a2ecd15281df2c7bcee773,"14,802","1,857","1,771","18,430",
0xd05c2b64551275169235a93826ac4cec0553c409,"14,802","1,857","1,616","18,275",
0x27d099811425a31120cf4783df093c404978b849,"13,891","1,857","1,948","17,696",
0x2b43abe7f5363807d0b932e5ed0bf538edd7d043,"12,948","2,097","1,816","16,861",
0xdacd3eb62e404df956810f67682042ab7bdccc28,"6,225","3,511","6,778","16,514",
0xc89cabb7817a66ec8ba3f1f20b53c85f0de1327f,"9,881","2,433","2,871","15,185",
0x3462ff5e096e30f69a5b1e9e3c6a3107e8bf2309,"7,541","1,979","4,338","13,858",
0x4ad611617a481697c8177655705879a01d1857eb,"8,751","1,857","2,665","13,273",
0x10fb1560037db5e360e8883d023b4ff7a33db8a8,"6,225","2,540","4,063","12,828",
0x4c6604c588b205e06cba671616f7db3bdf7ac3e6,"6,225","1,857","3,932","12,014",
0x32ad8b18bda67b79f30ed2bdedb81bc0d5c11f95,"6,225","1,979","3,000","11,204",
0x7b4a55ba007691f5846c81ffe1fc0c973f406094,"6,225","1,979","2,787","10,991",
0x9680ccd67c2bc3aff8c5125babefb4412a23496d,"7,541","1,857","1,470","10,868",
0xe03a1c38a8ce6a7d8c34ca19c928ef97258cf99b,0,"3,776","6,615","10,391",
0xea204f40c43879da2581805a5d4c78a3933b3d7b,"6,225","2,212","1,890","10,327",
0x278bf1d03ffb362766f57ec580ab7eda8adc6e29,"4,751","2,324","1,890","8,965",
0x29fe62a86bc5d17c5af22cb6d8d44b34e0c46267,"4,751","1,857","2,307","8,915",
0xe3cd3a4997c1238543c9583a66c6d6be369c4fed,"2,993","1,979","3,438","8,410",
0x0cb6c036b411b30a04424a35aa3ab83602ab4633,"2,993","2,748","2,628","8,369",
0xbc67cfffaddd07bcbb784369994496d130ba7956,"2,993","1,979","3,161","8,133",
0x58a142b530b72d1ff1258438a500ea74fac1cef5,0,"2,540","4,991","7,531",
0xf63c11852f601dcf9e8d39b4b9b13f12f8374112,0,"1,857","5,535","7,392",
0xf37eb3eafa07b135961b99f71ec51da134df7434,"2,993","2,097","2,159","7,249",
0x315963e514d6c7d86538607919d02b76b053df64,"2,993","1,979","2,076","7,048",
0xfe1a957ace79a2f35c912ef7f3667e2f9d24220d,"2,993","1,170","2,641","6,804",
0x607c77eadb523bbdd3249b87697626fa18ab0cac,0,"1,857","4,754","6,611",
0x3a57689b86012f91e7a1869c014f0d534bb4e3ca,"2,993","1,008","2,187","6,188",
0x68d977bacee563e219d9a139ad202bb54b758ceb,0,"2,097","3,891","5,988",
0xf6df82cdef852f26d4c27843b3fd37445bcf7770,0,"3,511","2,307","5,818",
0x2e6ef714225ae97647305fe6e3d23adebf95161f,"4,751",0,807,"5,558",
0x06b3340454841a68bdf594525f3bfb52c4d79eda,"4,751",0,564,"5,315",
0x2cf7fc1b570143f60bd5b5578caf589062755354,0,"2,212","3,000","5,212",
0x83d96020b0766f567afd2e19b5f62ef6dd4026d5,"2,993",0,"2,173","5,166",
0x76be896ed0498de015dae18ca31b4cacbefeaf86,"2,993","1,170",998,"5,161",
0x145a97d38e5746b48b3543f80783fb30a3d69c52,0,"1,979","3,035","5,014",
0xbf4824313d6e56e62121f50c98432506e6393f4e,0,"2,097","2,907","5,004",
0x9f7e343a80fb7bf66171b74cc2f3c76584acfe60,0,"1,857","2,989","4,846",
0x5ef5c8e74c4787d5c93cfcd17790337ecec94344,"2,993","1,170",666,"4,829",
0xcd14e7702e477fc76180a996b578a2290a1fed1d,0,"1,857","2,965","4,822",
0xfc42ea90c9e3ccc51b0d20b3e7a5ae5b9e479ae1,0,"1,979","2,727","4,706",
0x2c3d4d0c49512d96c7a66794608f7df08db8ee20,0,"1,979","2,653","4,632",
0x8149fdac78eadb10bece7e3bb4300fb2c4d5b81e,0,"2,212","2,412","4,624",
0x23a2972029f80a839862c1b18e8ff8fc3921f7c6,0,"2,212","2,360","4,572",
0xf2e5ebfa59757502570a9240cc2bdbfc61bb4254,0,"1,857","2,678","4,535",
0xc949e7f389d90319b50a81c19084d7ca758b809c,0,"1,979","2,464","4,443",
0x1221890d1c04f9d14516249367bcd4a95d5d3913,0,"1,979","2,451","4,430",
0x7f4a06d37440bc42d3705f67fefcfb3dbd16dc64,0,"2,324","2,090","4,414",
0x80d6acbc3b928a69eace83c0d5714e03e5b55ef7,0,"1,857","2,464","4,321",
0xb8fca946c5c7686b9ea72bad2c27be5fbc9cece2,0,"1,979","2,307","4,286",
0x4c4eab7bfa0582ea502108f03a546863d5791907,0,"1,857","2,399","4,256",
0x575ed1b07cd061fa6f9c5e9b51e144e607eae330,0,"1,979","2,214","4,193",
0x9dfc2876d4091340f5cb07f1fc660008a90a19b8,0,"1,857","2,321","4,178",
0xf4875f99a34c02e54e7ce0fa4611ef238855dac3,0,0,"4,172","4,172",
0xb4c28fc59054563e76aef670bb28d7d0ccfac0bb,0,"1,857","2,227","4,084",
0xb8f6484da877ce8268453d26d4b649b7c7946206,0,"1,979","2,076","4,055",
0x0e46584df73f1eee7b2260519466cb75c3bf7b74,0,"1,464","2,591","4,055",
0x024c2e11d40f6cf457927bd5fb7eba890464e885,0,"1,857","2,145","4,002",
0xc9237971844b054da32241f3e9b4ed785f7c8ccb,0,"1,857","2,118","3,975",
0x2d334256bb88d2488bfb582ac757b109edbb66bc,0,"1,857","1,934","3,791",
0x57f17090857c6ea19d4bfe28b1aa0e85d045be3f,0,"1,321","2,464","3,785",
0x4aa4a02708b5a191cd9f42d6c3a99385b180610c,"2,993",0,691,"3,684",
0x859703cf422f8252a2bbd1fe2a2754494b055faf,0,"1,464","2,076","3,540",
0x31eb0f1acc33b70dfad5e483dc09caf5f80d354d,"2,993",0,388,"3,381",
0x549205bf7887b07967fbc4b4e731ba43b0c25838,0,"1,857","1,503","3,360",
0x280d9073b1f896411afeae2791f4354ff07bd951,"2,993",0,320,"3,313",
0x94e8947daa6cb102ffc2fc51eadcaa660b6c6537,"2,993",0,244,"3,237",
0x9351d8faf668ac4f69009c2c8a247c3b6055ecea,0,0,"2,895","2,895",
0x939e38f9d88a535b7851582672212c7bfff63742,0,"1,857",564,"2,421",
0x347de8af8df7574700ecb4ce4b788ce1ebc92f31,0,0,"2,294","2,294",
0x3586543c31f1c77ee3140fd8bd2184caabb660a3,0,0,"2,241","2,241",
0x8a823fab871627ad6a50d813ee51a7e2382fd9df,0,0,"2,200","2,200",
0x7d09385a0e6390c89669f463d679f0cd6e1daaed,0,832,"1,352","2,184",
0xc3a9cd5aa738694d73411a35f5c31ddf70ee5c27,0,"1,979",202,"2,181",
0xa152f0a489e520b81ca719df139782266effdae0,0,"1,857",320,"2,177",
0xb453a9053037f4d1bffacb3625f5611e0b5c8b57,0,"1,170",895,"2,065",
0x31567e836ee3d66d4c4558b14de1ddebb8f9c0d8,0,0,"1,875","1,875",
0x06526166b806b792b77ad1d0af43f391138c3639,0,0,"1,861","1,861",
0x03f071a2ccc49fbdbf8c19d0c5d4ab76c68cac8b,0,0,"1,801","1,801",
0x063e90351a540aaf9844d7d6c2e51270d3dde3f8,0,832,829,"1,661",
0x2689d114d64f7a4a4373a46fdd2262f92fdfcbd4,0,635,807,"1,442",
0x24ee25b3dcba2e32a6b4390ffc5abdb2cc08133e,0,0,"1,420","1,420",
0xeeb2ffa13f4ef4381647fe642ebfad0cc1bbc467,0,0,"1,352","1,352",
0x7e524143514d6bd6f2647ec7ed6ea64ee3d2a192,0,0,"1,334","1,334",
0x66897d551248fe50bea7614e389cb7366b2f9087,0,0,"1,334","1,334",
0x6999615aa38a629d5efafbc2e793642078fa327f,0,0,"1,245","1,245",
0x6ff95a921dc85cd956ab25601c4a84562969f093,0,0,"1,227","1,227",
0x346d868d264e09f7ff198cbbc8a3c9c502e1e79e,0,0,"1,191","1,191",
0x8a611efc57782474310846cdfbd249aa1ea702a4,0,0,"1,191","1,191",
0xcbb7e0b06465d576c054063ceeb5d56296208c7f,0,0,"1,172","1,172",
0x11aab607ca58b1818c947936073dba3163684034,0,0,"1,154","1,154",
0x5396115cfeed93ac7254e1ae503f5511c4f46944,0,0,"1,116","1,116",
0x9cf3da2f84fc1702ba7c6908c3b86972cc12d8d2,0,400,715,"1,115",
0x8d7ad5e31a462eee57a2c4612069dc544bc3e64a,0,0,"1,097","1,097",
0x2665d9679161c5c481ca4e0b191f9ef8c17b31df,0,0,"1,077","1,077",
0x8eb73464c7c1e77776716d8baf2e1f6c131015f2,0,0,"1,077","1,077",
0x7c84af1c0629c4bbe80715fef68c941fc9ecd932,0,0,"1,077","1,077",
0x6a8cb6054741650f0ddb0dec8113785a3466fc61,0,400,666,"1,066",
0x658ad58592cfe8faaf7d3f7b4aa795edf880aedc,0,0,"1,058","1,058",
0x4bc16da23ed279648b70729357f802248d987c5b,0,0,"1,058","1,058",
0x8f9f80418b0ce1fd9fabffde569bebcac2578300,0,0,"1,058","1,058",
0x9bbc58095a155287ec992bcc6bee962dc5c317e4,0,400,641,"1,041",
0x1f92da154a20ce907ebb926ab1262bb2d0565398,0,0,"1,038","1,038",
0x5d5a21039d842e6ef7c6d9242737d7b501787b82,0,0,"1,018","1,018",
0xf8df97a57a313ed129497449a4f0a20080476ea3,0,0,"1,018","1,018",
0xe17955765ecb8a90d90531e3940d97035e513d17,0,0,"1,018","1,018",
0xad4731fbbdb36ed43905bb0cbc567e2aabc6ac5a,0,0,998,998,
0x4477dd24e1a7c35f47bbff78d15b06f00da1b45c,0,0,978,978,
0xbe127c036e6c8384535fe0f8dd127518cd8b6761,0,0,978,978,
0xca5e4a10ae5d5063c0f597fee189d2ac408e136f,0,0,957,957,
0x71c67951a4a3052cc31dd74fe88f45daa4b29c1a,0,0,957,957,
0x1ec28e1a887aa54928febc1484023dd8b790378a,0,0,957,957,
0x13699bb50f8c3f9681d12e3f825d110f3f2f81a3,0,0,937,937,
0x95f765ab07fa1ef61bbd55e868e84540d0423077,0,0,937,937,
0x2bc4e63caa6422aa45f31863b788d5fa84229978,0,0,937,937,
0x995c1fee29da0f32c8fa5662b0d352e18dec048d,0,400,536,936,
0x530b0ff049032500221602e38bbf8cfce5031383,0,0,916,916,
0xf6f88633296a17cabcd3bebaf4359596ff8b1302,0,0,916,916,
0x3e219e66d80128bf11ea9a2bca10350ff85258f8,0,0,895,895,
0xb96d7701b4b786389e709cc63536dfe82efc0a4b,0,0,895,895,
0x294063a9aaacd825562ddd10cb9f19a011cc5ef7,0,0,895,895,
0xf9884295067d4ed5ab8ff6df82d8a2fac434235d,0,0,873,873,
0xfac8d678f72e8439c513c425a6644ca60d6d0195,0,0,873,873,
0x367c01aa1751fb0620f11c5c2e6d7ef3b76573f5,0,0,851,851,
0xd2ec9380728f85383b7af3a731f181607bd2d6ab,0,0,851,851,
0xef3b5aa5419e22ec3a045b850f1f3953a82f0348,0,0,829,829,
0xfb7c807c2246a2d5d7986879a0b5933b63d05160,0,0,829,829,
0xa05f6676f4161cfa7d894ff5f66ddb057a9f0b3c,0,0,829,829,
0xf4206906475c58c807e0ecbfe24a370873557a64,0,0,829,829,
0xa38194b75d007e86ed68019766850f3e69f5ad03,0,0,829,829,
0x6dabaedd4d1e733e159a4b1a56c51c1225268e6f,0,0,829,829,
0xc67e53bcb678f947459bb4f6eebc88633b1f73bf,0,0,829,829,
0xc1ba0c3c62c24725ea4e5fbd0dd935cd2813ba91,0,0,829,829,
0xdaa0a4a2b0669db84ec94b06745e416ac19f729b,0,0,807,807,
0xd1d685cb75edb5ad89e7dce384a1707adc23dfee,0,0,807,807,
0x72110d347740e1e3a1bd3efb513d41bef7dcff24,0,0,807,807,
0xb8c22526abba000a0174b25fe57968b56aee3293,0,0,807,807,
0x892e0765df4c85c7e727a31b00f256a56a38fea5,0,0,785,785,
0x1dbb93504d8273e070e4353a2ec78ed6110ec61a,0,0,785,785,
0xa42e47f974d17280db02b1259fdc775aadb10768,0,0,785,785,
0x9fe87bdd7d6c71bb4f02bc0e2321c118f59ba8af,0,0,785,785,
0x7553ec8a0525934465e29f4563d2e4264acb46b6,0,0,785,785,
0xb6f354a6241c1ea8727f1745d9519388f7fc41e8,0,0,785,785,
0x3e76cb767015981d3315152a2d54ec9a7dd92053,0,0,785,785,
0xef49d9e7356dad7a0523e880e9e187a9165bdfed,0,0,762,762,
0x4f574c6ef8748ffd0783527204dc0ab9cdca3175,0,0,762,762,
0xedaf24e920006057abd7549c3d4fa2f5f8a3aca6,0,0,762,762,
0x425be9f3520c5238cb9e879b3b53726bef9d1f41,0,0,738,738,
0x8e9fcb9642135cfdc41a9685e90c18fefb9bf652,0,0,738,738,
0xc3addda88545b51d5a66bee18464e8028d8863f4,0,0,738,738,
0x5b0b563cc6d53837cc4145f27eb52eddc7ba55f1,0,0,738,738,
0x67bf24507d8ff3eab0d98617f76a7187a435d148,0,0,738,738,
0x060205979f000208fa6859a4570b292a3801b419,0,0,738,738,
0x6f705e8f86a4e5c843f29318661c2ab5f28ce0e7,0,0,738,738,
0x338618b30079dc375d8e0f515ec972ed4dff07d1,0,0,738,738,
0x939b51b4e8a92b7ecdfd436c60b1b9b96c7fde86,0,0,738,738,
0xd9e555dabaf2133ee4a39f687c9d0dd86cbcf612,0,0,715,715,
0xa161ade7a580572021c3a0dcc9dad7313df72a2b,0,0,715,715,
0xe876ae4dc85dd6c3c81fe69e636feba798a552db,0,0,715,715,
0x2ffdd1488b3a5cafab1fef02d35792382fde1d25,0,0,715,715,
0xb2ce6799a717860343248ee802bcdddf1906e959,0,0,715,715,
0x2c95e99937f0298f5460c7b0f874dd1ef45e8979,0,0,715,715,
0xccf47154e5a63eceb36c1cc70266abac4479726f,0,0,715,715,
0x00a7c05e56ecf84a2a82c31fb92de41189e28c7a,0,0,691,691,
0x92e863c3b2b4cff6e2e34881a826aa3276b2149f,0,0,691,691,
0x53ed2d63a316b7acf77a97d8ab84b093f1d7f78d,0,0,691,691,
0xe5eeb7658d585e4eb1e2c7e9bff6560206917a40,0,0,691,691,
0x1e004585486b1e353ea6f0adca056cf138590640,0,0,691,691,
0x8445d17bb9a54240e1048f8e8abce5081bfad23d,0,0,691,691,
0xf3438ad295cefa463fe277686c7a0cba57510410,0,0,666,666,
0x657527be1229a3b04cabda9ff3b13001f380f96a,0,0,666,666,
0x69dcbfa79fa210337685ea887641adfe36344fa2,0,0,666,666,
0xc497a236677d9943c053b0d395de40092a0e9cc0,0,0,666,666,
0x03fad2d996a153e11e6c84ae4ac37c005ad7349a,0,0,666,666,
0xd3518cf1ade0e31fa250d2d60bfa8711e6d8c877,0,0,666,666,
0x6ecb5c3608b96225c75704633dab565549fdbc59,0,0,666,666,
0x87a7f94de2721dfdd8c181d5af2feb588d5e8bea,0,0,666,666,
0x2d94b2edde69f54878a1debf88901fa80a4e708b,0,0,666,666,
0x5c3e27667c68cf07035f7e6a26b96df7785a254a,0,0,666,666,
0x55eaf827d51c53a299607ead6ea42a0989f6f3e7,0,0,641,641,
0xa6375f015c4450dabb7801e7dffa01ea2e92546e,0,0,641,641,
0x5e889eac07012722efbe1405e23db51e713ba642,0,0,641,641,
0xf7135916ec48b56f8aabb41bab260ec9dbadb3a4,0,0,641,641,
0xca9e5b8f30a6cb5ee2ae14661ec5dbfa5fb60d2b,0,0,641,641,
0x778a423dd2007c22902831de4ce3570533178abc,0,0,641,641,
0xdae50543b86ffc4f9812f4f617e29a9cbad48565,0,0,641,641,
0x6b5f203533c9576af2fcaf0930de99f85d339add,0,0,641,641,
0x341ca1824fd0de893dbbb991417989ba3911cf22,0,0,616,616,
0xd1e0a20840e1b5e29c9d28e661a8552cc6e0389b,0,0,616,616,
0x1f5e72a1c177ea3b27d828fca2d3e8dbbda3f70a,0,0,616,616,
0xef4465d86592d1f2ccd76cee66fb32648124feca,0,0,616,616,
0x6babc0ad6d98e44bfb0b0063a5fe945125a6dacd,0,0,616,616,
0xe4349a88ae8534d1bfd24354c4a203672d379f93,0,0,616,616,
0x9f130453e6fd166f9851bfed3a6cfa59c5aa15d9,0,0,616,616,
0x9c85788e61e35b4e0db725105bcf81f91c5f0644,0,0,616,616,
0x3e4fabe729d6bc2b7d77a4c676b4e14604244f9b,0,0,616,616,
0x7e7728b49bf2100a4c415ce1185d701306950826,0,0,616,616,
0xa5a3fe2ddd8bb1a1517c6ce12d42b965a5962f0d,0,0,616,616,
0x60f1a78530dff4b370c543e4fcd9689db94ca109,0,0,616,616,
0x1cfcb3462a4e3a08db743727d7bd8b113c8d5562,0,0,616,616,
0x4ce5a50373936f47200f83c905a540cf444136bd,0,0,616,616,
0xd432e2350b256c2ead0021232a9af16b11cb6ab7,0,0,616,616,
0xa06e3d77837cefc2c1d0fcbbf0eb32163446b682,0,0,616,616,
0x0cc66319d129f887bd1d3fe58e10400ed1025a79,0,0,590,590,
0x133593a6af688d53efd75cbeb2cc13aac762f20c,0,0,590,590,
0x36f79dfd1613c6fe762b609502d837f5fb816daf,0,0,590,590,
0x8c6c9ac7771bb879b46c91306cff3ffb2daf1b32,0,0,590,590,
0xca85d6dbcac8295b75d227af316fcdfb856c5101,0,0,590,590,
0x3d5d65b330961228c62c26d476b00afca4e9f271,0,0,590,590,
0xccec556fc38f1e08d2f03b6f89967dfb6c934144,0,0,590,590,
0xdd6477c387708ece5a43a643fc8d76488c55c6d7,0,0,590,590,
0x6d9a898fd1914401c1b99953955890d10bf3dd9f,0,0,590,590,
0x9dc2af7c895c6d9ae857793f173e2e3fad6f4288,0,0,590,590,
0x34481049899de8ebc4d18399ce4b41c61ef82cbd,0,0,590,590,
0x8d9f0fad681ebeeec925c0a7181020f9bcdf3748,0,0,590,590,
0x8742a7b04e94f4880aefea673728c7263ef4513d,0,0,564,564,
0xc66c0c197638e97bd22c996030072c80c95fded8,0,0,564,564,
0x4db491c5b483eeca467b97cd03c7f8315458d70e,0,0,564,564,
0x04642867cd2b6e50b50f82b13f48b61a9c6701c5,0,0,564,564,
0x1230418aa13dc58f7cad95672641f8c09997cc24,0,0,564,564,
0xd5f5b1db1b590f1fca31039e5b046a7ff4ea5070,0,0,564,564,
0x488f3ca142569b1ce139bd67a2b8b23a34aeffba,0,0,564,564,
0x958cbac751ef76c12b26f52162b89663f6b155da,0,0,564,564,
0xbad941fb6c539643043854ce8e6320682a99f5e3,0,0,564,564,
0x64fed342b7afb2e666152173fad1401861d96eb4,0,0,564,564,
0x6edc4c125b1ffd647963fe41ece217e6640ba1af,0,0,564,564,
0xcb9a0fc921a359945fe7daa74f075a8f1deb6640,0,0,564,564,
0x92120d975471555dd8294c3057dae3d6b5c814e7,0,0,564,564,
0x09018ffd282a148fc7735f54bfe3f5cfe9db4229,0,0,536,536,
0x97162d2d6aea9e53eba837d39162ef0e8136fd2f,0,0,536,536,
0x622655f50d84837c7f64e9129f11584dba00dd8f,0,0,536,536,
0x236e7c596caeb2f356f88ad17f94915ced6b1e4b,0,0,536,536,
0xfa9ed80f405059b776ea714acfcfce40f15f276e,0,0,536,536,
0x30284178ca609c68964f1e5cb8575b1927eb9065,0,0,536,536,
0xd19b10c3ce98601ba303d34e45dcdbce4aed9565,0,0,536,536,
0xa727fa77ae8fa4594d667164dc6d9ca82b4f5f44,0,0,536,536,
0x25446c5287b8ce6369ff1179404a602b99c33e1d,0,0,536,536,
0x83fd460f9face34a8c8c0d84f5c97d75dd263729,0,0,536,536,
0x71aba2c6ed09412d732feac0c96c848cc0eeb208,0,0,536,536,
0xf1da07f674272f8c659b4affad60687e187895ba,0,0,536,536,
0xa380dc9a98ad3f36b95cbbb8ff1485c539a98860,0,0,536,536,
0x77bd8a37f5fc53b9d678b4b66d0862027b118e97,0,0,536,536,
0xb6fa6996889fb21ec602b1c6e294c5c9b0f04100,0,0,536,536,
0x3ed71751670ff36693c742caa88398a254cf2dc6,0,0,508,508,
0x08ae80b444bdc32dbfb7bfbf48eb6705a02a4abf,0,0,508,508,
0x8d65d8333ffb65112d976a1132ee24372b21a08b,0,0,508,508,
0x5f39fbc0add3569c898d8e587090a887a3b08dff,0,0,508,508,
0x63afa4802b5c21e914bec8c96a042919adb3b7be,0,0,508,508,
0x4b0dd26475a73a54d3727325f56334fcc558645b,0,0,508,508,
0x9d877809d5ff793c878834b2f6f64838242d242c,0,0,508,508,
0xc0ef9b518654d4645628305f88e69f7b5bf422db,0,0,508,508,
0x4ddaab34bb72b82bc0b7a124e2a435918053db4e,0,0,508,508,
0x10139638fcb90e2edc67a78a4f90cba16a855e97,0,0,508,508,
0x129b8515ff2f09866c46372f3231a0d39758614e,0,0,508,508,
0xe4b3e80e4871da03f0282fc3fdbeb91772bd5bee,0,0,508,508,
0xaa48a9ce044294905b27afc7e3e617966b5e3e23,0,0,508,508,
0xe34c55ad234841ca162e36181e8f5ddecf2ed29f,0,0,508,508,
0xbcf4c0532679d8aaeb3def7fa6e3f311d02d89f4,0,0,508,508,
0x09ae5f34d390c15ad07afe50403b3529c34c8d59,0,0,480,480,
0xa3b222110a7a2d955435dd7f7e78455f0919fd83,0,0,480,480,
0xa0a5597fa916480ccc031c047a84bb1b333a75bf,0,0,480,480,
0x30c4394f95b7abc311cf0cbbd6c9a3fb8ab63771,0,0,480,480,
0xbfcdc2f21dfd9ac76beb1f986e156ee73c93f889,0,0,480,480,
0x9156d9983be1a05065705ee953d1f8fb0615848c,0,0,480,480,
0x3ad0875f21b570ee70d47a4c07385de858989cbd,0,0,480,480,
0xc3157c5cf3add254347925b550eadc201e512cb4,0,0,450,450,
0x522e3b2523e9bd59105329339bfaf39bc36a7db2,0,0,450,450,
0xb107c4b92ee0ffca598ab0bc5e8612a1671b7daf,0,0,450,450,
0x1577a44ec10ac08e2fa06897a5346ead34a2b724,0,0,450,450,
0xed1ac6d23669f088ab22bc5d1783a3533e65faf4,0,0,450,450,
0xb4bb1e0b150d2c3882d0ae4e4a1e94a83316bd41,0,0,450,450,
0xb15ef9e1cc70523a39e609e15742d47ec4a596ed,0,0,450,450,
0x927eee8e49fc8a71721cae8fc2a5b4edd7455771,0,0,450,450,
0x6f85daa01ac52fa3f1339944e33f2002adaba63d,0,0,450,450,
0xeaa96b275fb3c7ebd8ad16c8dfaa75d3e6d0c016,0,0,450,450,
0x1880ee3f4a43a8cde4d47b768cbf986bbb935b98,0,0,450,450,
0x8b2466691c19c190cdda9eea2569a65e245329bc,0,0,420,420,
0xfab5b93c23d9610c8b199aa7b0b2e571b9ab63b1,0,0,420,420,
0xd7b1f486bd634c64595e98eb404f618b16f5d2da,0,0,420,420,
0x58450266ea3083c7aae6fd36e17de45515834d84,0,0,420,420,
0x060790ec6bbb4259a80c13f381f9b35f07994584,0,0,420,420,
0xecdb9f7e83a542f6fc93ce4185eeccea7bfeb347,0,400,0,400,
0x77e7eaeb57def1b31a4c01cb25e0e1f86dfc7eff,0,0,388,388,
0x517efc0bea4c6c5634598956b218ff4ffafdd82a,0,0,388,388,
0xf552bca7f0f16ac965e2fd57166ba4c84b3fb3f9,0,0,388,388,
0xa59a6888a58fc01d505f412e949fa010ab506802,0,0,388,388,
0x15f6ba3527bcffae619a82af30340fee62906800,0,0,388,388,
0x0a9fd20fc663cc9afa28699959965a2a2dc5aae3,0,0,355,355,
0xdd543dc0efea305a4c595305c784166fbe87897b,0,0,355,355,
0xd04fb179c1cd232ab780f1c0c0f3e1dd698bd806,0,0,355,355,
0x8be797d9d93b27337089c225d393b5dd1f0edf99,0,0,355,355,
0x0085448000cd2740a7d74eacc1708c7d78f7a499,0,0,355,355,
0xf497f034ad1382090ff9c4817076fc87804f7402,0,0,320,320,
0xa8d032262775d08bb5f6d6e1cc7d2ac91bf7c2d3,0,0,320,320,
0x208c22774c018324a8f47521400457beba1fa7ac,0,0,320,320,
0x36d8511ebb718f8f3b8dc32c96ce615bef8c564a,0,0,320,320,
0x8ec68d0c8a08951382c01ce545315c2dbdc865c4,0,0,320,320,
0x4020f9c66f531923bc4cf17386473c9e668662b0,0,0,284,284,
0xc4342a78090d5f2340ad65d606f246d858f87abc,0,0,284,284,
0x65f465f0cd1c08e6740bd2e0b512c675668e51dd,0,0,284,284,
0xae5d32b6f9472385fa2df37b964b05100ee2fbf4,0,0,284,284,
0x4ddc5778a82ad9c716cf10bd666a5ad9fb840d0f,0,0,284,284,
0x6c492c42393e1561d690e0453ccb94f15def587d,0,0,284,284,
0xab7079945a6fb399b797153e3fb2815964867264,0,0,284,284,
0x0d18c17aef629f4ea57c6d1372695a7641204925,0,0,244,244,
0xddcae312d612bb67f9f7ced7de95e3400f4a478d,0,0,244,244,
0x2603ed9d3aaf90eb12dcf91befb4dc6f7b6306b6,0,0,244,244,
0xe6034e3335c3c438ea432649a0e2e9e8f42638ab,0,0,244,244,
0x2422775a9f57a1ac72f42c82c236f8a843616d47,0,0,244,244,
0x04a5c57feee5ecd578b50fba585245423d1a8418,0,0,244,244,
0x120f1645559bde5758ab5c897a19c79eabec21c9,0,0,244,244,
0xb51d4cdbdf0e8947a65ba06c69963c158eed346e,0,0,244,244,
0xa170b8ff927202ff823ef8c4f01d09ec3e304e85,0,0,244,244,
0xf0cfbe31a724efe1717fdf58bb9ef7fee8930e80,0,0,244,244,
0x5187b0a0ea26292c3b36cc4750268c150ab0403f,0,0,244,244,
0xeed0aa78b32fca412f567bf5df4113bcbe592bd9,0,0,244,244,
0x8459f6b6667f1d64d95c1bf4077512300a37f841,0,0,244,244,
0x7ef5cb1cb54bafd3520f44cbccc43fa5757ecc91,0,0,244,244,
0x052c1a5966ed9daa663ac1682d94aa9eb28e43eb,0,0,244,244,
0xc291452664c557f80e1e74304746c5749a363ac0,0,0,202,202,
0x4767873a4b0f28b22f627b8df6b939577d321db2,0,0,202,202,
0x55d4d0ca4622f0e606d276a6c19953e36629badc,0,0,202,202,
0x6fb4d189cb95b170b2dcf12b068cac5eef953507,0,0,202,202,
0x6981183707d181d28115c832f58e3bd420483088,0,0,202,202,
0x4e2bc908be594b0bf80f19bebc98157698388d3c,0,0,202,202,
0x0952460b918283830161ad2a738ef228c435e614,0,0,202,202,
0xe7689cffb2a5e08122922617959565fd8baadef4,0,0,202,202,
0xd68e011bfa9ff547a028731b048699c140cbf1cb,0,0,202,202,
0x88fcd0e1c86725df2d9399c7e4cc6f9e42ea3d3a,0,0,202,202,
0x305ae614d00ac684bcef3994aa70d0fb009f5622,0,0,202,202,
0xd7960c485ec9c45263dd0c4bf886241b605476f1,0,0,202,202,
0xd7719d0179d1c3998bb49078a002b600a29b3a51,0,0,154,154,
0x74aceb22beb28509d8268d873dc60df61a7199c5,0,0,154,154,
0x99e86567a949608014e1c43a80570fe6923fb411,0,0,154,154,
0x956900132b5ee2282aa65ce4fa2120ea533dc6c9,0,0,154,154,
0x7d4186f2cd5d1cbb1f876197c665acda2fcde92a,0,0,154,154,
0xcfc6d8656fc550c40def92c83860dab4c257457e,0,0,154,154,
0x66cf7b61aaf16331a4a8cf45f52250d9ac88d30b,0,0,154,154,
0x97f9b57fa216a4d4bf63f3f180ea6ca678f4ea95,0,0,154,154,
0xc08ed255bfa64b7604d2bf057ae9f0e39a20bee1,0,0,154,154,
0x015cbc94e7d9b88455824cf537e9e33bf76cca87,0,0,154,154,
0x078f2807826ecede5455673cde86bcc05a6c9c92,0,0,154,154,
0xd5ab5b35437e579044146ac084fffcd9486e1e3f,0,0,154,154,
0x88750f7f52ee77582893877959a9dca872e65a8c,0,0,154,154,
0xa4976a425f33778c6a5c7b60085438f52333026e,0,0,154,154,
0x35b4ef41b5aefbaef1db8aef58db7bbe76c31be9,0,0,154,154,
0x85d6f1b90767b878b4dcd647b5242e8c7d167a7a,0,0,154,154,
0x4b64f303c1fc73c3a305e6d6ec4cbe81bec2584c,0,0,154,154,
0x70bf9b1e3277a2cebbd3615af0284614296b6668,0,0,154,154,
0x9c8718fb70772a5610e6445017af46c4fb5487cb,0,0,154,154,
0xe408f4f7590c026a5cc27f5c65087f502e458a23,0,0,97,97,
0xaf207bbda21134226e2fd4c4222f85b38387efd3,0,0,97,97,
0x5151033a4565096fa3a399b9f1f5b42a9f5bd131,0,0,97,97,
0xb6adac5103bfcc4f1dafc2082397444885da4cb1,0,0,97,97,
0x15d0d2c441486aaf6981c2edbe2050915e8ecfbd,0,0,97,97,
0x5d7955637cb6faed5f4b7a7f4e9decfb9f9ae1bb,0,0,97,97,
0x58c9a4383bdd6187adce16a56cf6d4db18d17d00,0,0,97,97,
0x0a8e2bcee9950019bf5eb1b96dd1747926f08fc5,0,0,97,97,
0x1df5e8149850e1f627242563045aeb7d5bca8117,0,0,97,97,
0x862b010e35ded78851008cf52df05c41131ad54e,0,0,97,97,
0x1bf8737167b953a9e2b286abfc59cdf5a2cf6579,0,0,97,97,
0xbafde4c19c3d316e7e215742428efcae526cfc38,0,0,97,97,
0xa36e55b7e31af3e209af54c22da01719215beeb0,0,0,97,97,
0x54000aae6531e0b56c8f81b6ab53891eb8cef03f,0,0,97,97,
0x471dbd89c43c595399b4a3b4909511058bbb0905,0,0,97,97,
0x1218dc4264605cef3e20026524f789178b7880c7,0,0,97,97,
0x5ee3bc69b05ce7211d1e0613b4d39362c5c1c34b,0,0,97,97,
0xb1bb6a4be64dffb78a02e3773ba43445b562423f,0,0,97,97,
0xbc3ad7b4b4244b4e63075ac3e9c98e0a13485d70,0,0,97,97,
0x0da5ad69fea5aad0645d46cfa52c526188261cdb,0,0,97,97,
0x9236230762af31a3a967bed758248392a399c47e,0,0,97,97,
0xe5789fcd0e38412aa51e0c7dc60ae21405156068,0,0,97,97,
0x7f7aa4c59a57214e1512999ea3bfde2c571bbd49,0,0,97,97,
0x05ee2d2553e46880197bb62ab1bce38758d4db7c,0,0,97,97,
0xba1c7b28584e4a8beba9c6f197372b35458953a6,0,0,97,97,
0xefba642cf6285be449a0d9abc9303416e2eafcec,0,0,97,97,
0x5b69cda090ea14a5c2cf7141d210c354ea4c74ee,0,0,97,97,
0x27cfe3ce299db1914315832c6e0ec62de91ca041,0,0,97,97,
0x35432336d3fa336bd107085594368b1f348de6bd,0,0,97,97,
0xdba48da61b31c86f5f290c1aa26ae14ee80b1c31,0,0,97,97,
0xeea6d956bc8a6f6b06b9e42bc5ddd6f41e2966e7,0,0,97,97,
0x89f7a4043a02fe5972bc7e025990f569b031e358,0,0,97,97,
0x9d804fcedbf2dd948bbdee3ae143dc75abe5ca81,0,0,97,97,
0xec57506ddb0d2686389fa6ee22c2778abeb9d965,0,0,97,97,
0x8bb9ed99b6da2ce0a82de31f404ab5d4379483d2,0,0,97,97,
0xa83a22ca6733793ac8e6164f854b76695bc29117,0,0,97,97,
0x7cab920b0720bdd12b83eda280bc258c8902ca5d,0,0,97,97,
0xdea9111e3b795a1287ecd85a4b119f119b8cec1f,0,0,97,97,
0xb357976d07244e45e884ab480829d855efd67061,0,0,97,97,
0x12abf29108d6eb80f0bd26495fc13a7d2dc76cb5,0,0,97,97,
0x92bc19daf875222f68f6014b7185812a27050136,0,0,97,97,
0xf0680b180cefbf6a6de6a39476361cedcc9039f1,0,0,97,97,
0x356204221d3c38749660875ac2ed767761fd7733,0,0,97,97,
0x258f71fb764fce99746f9eeaf6fe88ef01dee659,0,0,97,97,
0x45de5bdfa6517a28e9ee77517a7f10459dfe305f,0,0,97,97,
0xb877fd0f757d05c95a5f8001ef910c101bb42197,0,0,97,97,
0xba6ee133b4cd904a311db7869d740cccc6444807,0,0,97,97,
0xf302ffe7f387415753074265f59871de86dda664,0,0,97,97,
0x2756e6ebdbebc3419f355a7c1301d42ae674b4a5,0,0,97,97,
0x61e3cef3bc04e141ea2a03a62cd9293d16c82344,"2,993","1,600",641,"112,671",
,,,,"1,126,735",
